{
  "R@1": 0.5366726296958855,
  "R@5": 1.7889087656529516,
  "R@10": 3.2200357781753133,
  "MedR": 252,
  "MRR": 0.018919229211983992
}