{
  "train": [
    {
      "loss": 2.1280687623351584,
      "loss_contrastive": 2.1280687623351584
    },
    {
      "loss": 2.0959208421124758,
      "loss_contrastive": 2.0959208421124758
    }
  ],
  "val_metrics": [
    {
      "R@1": 0.3436426116838488,
      "R@5": 0.8591065292096219,
      "R@10": 1.5463917525773196,
      "MedR": 276,
      "MRR": 0.014113452600119234
    },
    {
      "R@1": 0.3436426116838488,
      "R@5": 1.3745704467353952,
      "R@10": 1.8900343642611683,
      "MedR": 277,
      "MRR": 0.015266829862548731
    }
  ],
  "best_epoch": null,
  "final_test_metrics": null
}