{
  "R@1": 0.0,
  "R@5": 0.7155635062611807,
  "R@10": 1.6100178890876566,
  "MedR": 281,
  "MRR": 0.010379814479185555
}