{
  "R@1": 0.5366726296958855,
  "R@5": 1.6100178890876566,
  "R@10": 2.862254025044723,
  "MedR": 264,
  "MRR": 0.01818993423483683
}